ID,graphml
paf0,"<graphml xmlns=""http://graphml.graphdrawing.org/xmlns"" xmlns:xsi=""http://www.w3.org/2001/XMLSchema-instance"" xsi:schemaLocation=""http://graphml.graphdrawing.org/xmlns http://graphml.graphdrawing.org/xmlns/1.0/graphml.xsd"">  <key id=""d1"" for=""edge"" attr.name=""weight"" attr.type=""long"" />  <key id=""d0"" for=""node"" attr.name=""names"" attr.type=""string"" />  <graph edgedefault=""undirected"">    <node id=""Sire"">      <data key=""d0"">Sire;Empereur;L&#8217;Empereur</data>    </node>    <node id=""Eto Demerzel"">      <data key=""d0"">Eto Demerzel;Demerzel</data>    </node>    <node id=""Wellis"">      <data key=""d0"">Wellis</data>    </node>    <node id=""Hummin"">      <data key=""d0"">Hummin</data>    </node>    <edge source=""Sire"" target=""Eto Demerzel"">      <data key=""d1"">4</data>    </edge>    <edge source=""Eto Demerzel"" target=""Wellis"">      <data key=""d1"">1</data>    </edge>    <edge source=""Eto Demerzel"" target=""Hummin"">      <data key=""d1"">1</data>    </edge>  </graph></graphml>"
paf9,"<graphml xmlns=""http://graphml.graphdrawing.org/xmlns"" xmlns:xsi=""http://www.w3.org/2001/XMLSchema-instance"" xsi:schemaLocation=""http://graphml.graphdrawing.org/xmlns http://graphml.graphdrawing.org/xmlns/1.0/graphml.xsd"">  <key id=""d1"" for=""edge"" attr.name=""weight"" attr.type=""long"" />  <key id=""d0"" for=""node"" attr.name=""names"" attr.type=""string"" />  <graph edgedefault=""undirected"">    <node id=""Dors Venabili"">      <data key=""d0"">Dors Venabili;Dors</data>    </node>    <node id=""Hari Seldon"">      <data key=""d0"">Hari Seldon;Seldon;Hari</data>    </node>    <edge source=""Dors Venabili"" target=""Hari Seldon"">      <data key=""d1"">1</data>    </edge>  </graph></graphml>"
paf10,"<graphml xmlns=""http://graphml.graphdrawing.org/xmlns"" xmlns:xsi=""http://www.w3.org/2001/XMLSchema-instance"" xsi:schemaLocation=""http://graphml.graphdrawing.org/xmlns http://graphml.graphdrawing.org/xmlns/1.0/graphml.xsd"">  <key id=""d1"" for=""edge"" attr.name=""weight"" attr.type=""long"" />  <key id=""d0"" for=""node"" attr.name=""names"" attr.type=""string"" />  <graph edgedefault=""undirected"">    <node id=""Hari Seldon"">      <data key=""d0"">Hari Seldon;Seldon;Hari</data>    </node>    <node id=""Dors Venabili"">      <data key=""d0"">Dors Venabili;Dors</data>    </node>    <node id=""Bande-c&#233;leste Deux"">      <data key=""d0"">Bande-c&#233;leste Deux</data>    </node>    <node id=""Grand Ancien"">      <data key=""d0"">Grand Ancien;Ancien</data>    </node>    <node id=""Hummin"">      <data key=""d0"">Hummin</data>    </node>    <edge source=""Hari Seldon"" target=""Dors Venabili"">      <data key=""d1"">8</data>    </edge>    <edge source=""Hari Seldon"" target=""Grand Ancien"">      <data key=""d1"">1</data>    </edge>    <edge source=""Hari Seldon"" target=""Hummin"">      <data key=""d1"">1</data>    </edge>    <edge source=""Bande-c&#233;leste Deux"" target=""Grand Ancien"">      <data key=""d1"">1</data>    </edge>  </graph></graphml>"
paf11,"<graphml xmlns=""http://graphml.graphdrawing.org/xmlns"" xmlns:xsi=""http://www.w3.org/2001/XMLSchema-instance"" xsi:schemaLocation=""http://graphml.graphdrawing.org/xmlns http://graphml.graphdrawing.org/xmlns/1.0/graphml.xsd"">  <key id=""d1"" for=""edge"" attr.name=""weight"" attr.type=""long"" />  <key id=""d0"" for=""node"" attr.name=""names"" attr.type=""string"" />  <graph edgedefault=""undirected"">    <node id=""Hari Seldon"">      <data key=""d0"">Hari Seldon;Seldon;Hari</data>    </node>    <node id=""Dors Venabili"">      <data key=""d0"">Dors Venabili;Dors;Venabili</data>    </node>    <node id=""Hummin"">      <data key=""d0"">Hummin</data>    </node>    <node id=""Ma&#238;tre-du-Soleil Quatorze"">      <data key=""d0"">Ma&#238;tre-du-Soleil Quatorze</data>    </node>    <node id=""Bande-c&#233;leste Deux"">      <data key=""d0"">Bande-c&#233;leste Deux</data>    </node>    <node id=""Grand Ancien"">      <data key=""d0"">Grand Ancien;Ancien</data>    </node>    <node id=""Empereur"">      <data key=""d0"">Empereur</data>    </node>    <node id=""Demerzel"">      <data key=""d0"">Demerzel</data>    </node>    <edge source=""Hari Seldon"" target=""Dors Venabili"">      <data key=""d1"">12</data>    </edge>    <edge source=""Hari Seldon"" target=""Hummin"">      <data key=""d1"">8</data>    </edge>    <edge source=""Hari Seldon"" target=""Ma&#238;tre-du-Soleil Quatorze"">      <data key=""d1"">4</data>    </edge>    <edge source=""Hari Seldon"" target=""Grand Ancien"">      <data key=""d1"">1</data>    </edge>    <edge source=""Dors Venabili"" target=""Bande-c&#233;leste Deux"">      <data key=""d1"">1</data>    </edge>    <edge source=""Dors Venabili"" target=""Grand Ancien"">      <data key=""d1"">1</data>    </edge>    <edge source=""Dors Venabili"" target=""Hummin"">      <data key=""d1"">2</data>    </edge>    <edge source=""Hummin"" target=""Grand Ancien"">      <data key=""d1"">1</data>    </edge>    <edge source=""Hummin"" target=""Empereur"">      <data key=""d1"">1</data>    </edge>    <edge source=""Hummin"" target=""Ma&#238;tre-du-Soleil Quatorze"">      <data key=""d1"">1</data>    </edge>    <edge source=""Ma&#238;tre-du-Soleil Quatorze"" target=""Grand Ancien"">      <data key=""d1"">1</data>    </edge>    <edge source=""Grand Ancien"" target=""Demerzel"">      <data key=""d1"">1</data>    </edge>    <edge source=""Empereur"" target=""Demerzel"">      <data key=""d1"">1</data>    </edge>  </graph></graphml>"
paf12,"<graphml xmlns=""http://graphml.graphdrawing.org/xmlns"" xmlns:xsi=""http://www.w3.org/2001/XMLSchema-instance"" xsi:schemaLocation=""http://graphml.graphdrawing.org/xmlns http://graphml.graphdrawing.org/xmlns/1.0/graphml.xsd"">  <key id=""d1"" for=""edge"" attr.name=""weight"" attr.type=""long"" />  <key id=""d0"" for=""node"" attr.name=""names"" attr.type=""string"" />  <graph edgedefault=""undirected"">    <node id=""Empereur"">      <data key=""d0"">Empereur;Sire</data>    </node>    <node id=""Demerzel"">      <data key=""d0"">Demerzel</data>    </node>    <node id=""Grand Ancien"">      <data key=""d0"">Grand Ancien</data>    </node>    <node id=""Hari Seldon"">      <data key=""d0"">Hari Seldon;Seldon;Hari;Ma&#238;tre Seldon</data>    </node>    <node id=""Hummin"">      <data key=""d0"">Hummin</data>    </node>    <node id=""Ma&#238;tresse Venabili"">      <data key=""d0"">Ma&#238;tresse Venabili;Dors Venabili</data>    </node>    <node id=""Ma&#238;tresse Tisalver"">      <data key=""d0"">Ma&#238;tresse Tisalver;sse Tisalver</data>    </node>    <node id=""Hano Lindor"">      <data key=""d0"">Hano Lindor;Lindor</data>    </node>    <node id=""Jirad"">      <data key=""d0"">Jirad</data>    </node>    <node id=""Amaryl"">      <data key=""d0"">Amaryl</data>    </node>    <edge source=""Empereur"" target=""Demerzel"">      <data key=""d1"">5</data>    </edge>    <edge source=""Empereur"" target=""Ma&#238;tresse Tisalver"">      <data key=""d1"">1</data>    </edge>    <edge source=""Grand Ancien"" target=""Hari Seldon"">      <data key=""d1"">1</data>    </edge>    <edge source=""Hari Seldon"" target=""Hummin"">      <data key=""d1"">4</data>    </edge>    <edge source=""Hari Seldon"" target=""Ma&#238;tresse Venabili"">      <data key=""d1"">2</data>    </edge>    <edge source=""Hari Seldon"" target=""Ma&#238;tresse Tisalver"">      <data key=""d1"">11</data>    </edge>    <edge source=""Hari Seldon"" target=""Hano Lindor"">      <data key=""d1"">1</data>    </edge>    <edge source=""Hari Seldon"" target=""Amaryl"">      <data key=""d1"">6</data>    </edge>    <edge source=""Ma&#238;tresse Venabili"" target=""Ma&#238;tresse Tisalver"">      <data key=""d1"">2</data>    </edge>    <edge source=""Ma&#238;tresse Tisalver"" target=""Hano Lindor"">      <data key=""d1"">2</data>    </edge>    <edge source=""Ma&#238;tresse Tisalver"" target=""Jirad"">      <data key=""d1"">2</data>    </edge>  </graph></graphml>"
paf13,"<graphml xmlns=""http://graphml.graphdrawing.org/xmlns"" xmlns:xsi=""http://www.w3.org/2001/XMLSchema-instance"" xsi:schemaLocation=""http://graphml.graphdrawing.org/xmlns http://graphml.graphdrawing.org/xmlns/1.0/graphml.xsd"">  <key id=""d1"" for=""edge"" attr.name=""weight"" attr.type=""long"" />  <key id=""d0"" for=""node"" attr.name=""names"" attr.type=""string"" />  <graph edgedefault=""undirected"">    <node id=""Hari Seldon"">      <data key=""d0"">Hari Seldon;Seldon;Hari;Ma&#238;tre Seldon</data>    </node>    <node id=""Ma&#238;tresse Venabili"">      <data key=""d0"">Ma&#238;tresse Venabili;Dors Venabili</data>    </node>    <node id=""Chetter Hummin"">      <data key=""d0"">Chetter Hummin;Hummin</data>    </node>    <node id=""Ma&#238;tre-du-Soleil Quatorze"">      <data key=""d0"">Ma&#238;tre-du-Soleil Quatorze</data>    </node>    <node id=""Demerzel"">      <data key=""d0"">Demerzel</data>    </node>    <node id=""Empereur"">      <data key=""d0"">Empereur</data>    </node>    <node id=""Yugo Amaryl"">      <data key=""d0"">Yugo Amaryl</data>    </node>    <node id=""M&#232;re Rittah"">      <data key=""d0"">M&#232;re Rittah;M&#232;re</data>    </node>    <node id=""Raych"">      <data key=""d0"">Raych</data>    </node>    <node id=""Marron"">      <data key=""d0"">Marron</data>    </node>    <edge source=""Hari Seldon"" target=""Ma&#238;tresse Venabili"">      <data key=""d1"">6</data>    </edge>    <edge source=""Hari Seldon"" target=""M&#232;re Rittah"">      <data key=""d1"">6</data>    </edge>    <edge source=""Hari Seldon"" target=""Raych"">      <data key=""d1"">2</data>    </edge>    <edge source=""Hari Seldon"" target=""Marron"">      <data key=""d1"">1</data>    </edge>    <edge source=""Hari Seldon"" target=""Chetter Hummin"">      <data key=""d1"">1</data>    </edge>    <edge source=""Chetter Hummin"" target=""Ma&#238;tre-du-Soleil Quatorze"">      <data key=""d1"">1</data>    </edge>    <edge source=""Chetter Hummin"" target=""Demerzel"">      <data key=""d1"">1</data>    </edge>    <edge source=""Demerzel"" target=""Empereur"">      <data key=""d1"">1</data>    </edge>    <edge source=""Empereur"" target=""Yugo Amaryl"">      <data key=""d1"">1</data>    </edge>    <edge source=""M&#232;re Rittah"" target=""Raych"">      <data key=""d1"">1</data>    </edge>  </graph></graphml>"
paf14,"<graphml xmlns=""http://graphml.graphdrawing.org/xmlns"" xmlns:xsi=""http://www.w3.org/2001/XMLSchema-instance"" xsi:schemaLocation=""http://graphml.graphdrawing.org/xmlns http://graphml.graphdrawing.org/xmlns/1.0/graphml.xsd"">  <key id=""d1"" for=""edge"" attr.name=""weight"" attr.type=""long"" />  <key id=""d0"" for=""node"" attr.name=""names"" attr.type=""string"" />  <graph edgedefault=""undirected"">    <node id=""Davan"">      <data key=""d0"">Davan</data>    </node>    <node id=""Hari Seldon"">      <data key=""d0"">Hari Seldon;Seldon</data>    </node>    <node id=""Ma&#238;tresse Venabili"">      <data key=""d0"">Ma&#238;tresse Venabili;Dors Venabili</data>    </node>    <node id=""Tisalver"">      <data key=""d0"">Tisalver;Ma&#238;tre Tisalver;Ma&#238;tresse Tisalver</data>    </node>    <node id=""Raych"">      <data key=""d0"">Raych</data>    </node>    <node id=""Yugo Amaryl"">      <data key=""d0"">Yugo Amaryl;Amaryl</data>    </node>    <node id=""Empereur"">      <data key=""d0"">Empereur</data>    </node>    <node id=""Demerzel"">      <data key=""d0"">Demerzel</data>    </node>    <edge source=""Davan"" target=""Hari Seldon"">      <data key=""d1"">7</data>    </edge>    <edge source=""Davan"" target=""Raych"">      <data key=""d1"">3</data>    </edge>    <edge source=""Davan"" target=""Yugo Amaryl"">      <data key=""d1"">1</data>    </edge>    <edge source=""Hari Seldon"" target=""Ma&#238;tresse Venabili"">      <data key=""d1"">2</data>    </edge>    <edge source=""Hari Seldon"" target=""Tisalver"">      <data key=""d1"">2</data>    </edge>    <edge source=""Hari Seldon"" target=""Raych"">      <data key=""d1"">4</data>    </edge>    <edge source=""Hari Seldon"" target=""Yugo Amaryl"">      <data key=""d1"">1</data>    </edge>    <edge source=""Hari Seldon"" target=""Demerzel"">      <data key=""d1"">1</data>    </edge>    <edge source=""Empereur"" target=""Demerzel"">      <data key=""d1"">1</data>    </edge>  </graph></graphml>"
paf15,"<graphml xmlns=""http://graphml.graphdrawing.org/xmlns"" xmlns:xsi=""http://www.w3.org/2001/XMLSchema-instance"" xsi:schemaLocation=""http://graphml.graphdrawing.org/xmlns http://graphml.graphdrawing.org/xmlns/1.0/graphml.xsd"">  <key id=""d1"" for=""edge"" attr.name=""weight"" attr.type=""long"" />  <key id=""d0"" for=""node"" attr.name=""names"" attr.type=""string"" />  <graph edgedefault=""undirected"">    <node id=""Hari Seldon"">      <data key=""d0"">Hari Seldon;Seldon;Hari;Ma&#238;tre Seldon</data>    </node>    <node id=""Raych"">      <data key=""d0"">Raych</data>    </node>    <node id=""Dors Venabili"">      <data key=""d0"">Dors Venabili;Dors</data>    </node>    <node id=""Empereur"">      <data key=""d0"">Empereur</data>    </node>    <node id=""Ma&#238;tresse Tisalver"">      <data key=""d0"">Ma&#238;tresse Tisalver;Casilia Tisalver</data>    </node>    <node id=""Russ"">      <data key=""d0"">Russ</data>    </node>    <node id=""Astinwald"">      <data key=""d0"">Astinwald</data>    </node>    <node id=""Marron"">      <data key=""d0"">Marron</data>    </node>    <node id=""Davan"">      <data key=""d0"">Davan</data>    </node>    <node id=""Hummin"">      <data key=""d0"">Hummin</data>    </node>    <edge source=""Hari Seldon"" target=""Raych"">      <data key=""d1"">5</data>    </edge>    <edge source=""Hari Seldon"" target=""Dors Venabili"">      <data key=""d1"">8</data>    </edge>    <edge source=""Hari Seldon"" target=""Empereur"">      <data key=""d1"">3</data>    </edge>    <edge source=""Hari Seldon"" target=""Astinwald"">      <data key=""d1"">1</data>    </edge>    <edge source=""Hari Seldon"" target=""Russ"">      <data key=""d1"">4</data>    </edge>    <edge source=""Hari Seldon"" target=""Davan"">      <data key=""d1"">1</data>    </edge>    <edge source=""Raych"" target=""Astinwald"">      <data key=""d1"">1</data>    </edge>    <edge source=""Raych"" target=""Russ"">      <data key=""d1"">2</data>    </edge>    <edge source=""Raych"" target=""Ma&#238;tresse Tisalver"">      <data key=""d1"">1</data>    </edge>    <edge source=""Raych"" target=""Dors Venabili"">      <data key=""d1"">1</data>    </edge>    <edge source=""Dors Venabili"" target=""Russ"">      <data key=""d1"">3</data>    </edge>    <edge source=""Dors Venabili"" target=""Marron"">      <data key=""d1"">3</data>    </edge>    <edge source=""Dors Venabili"" target=""Davan"">      <data key=""d1"">1</data>    </edge>    <edge source=""Dors Venabili"" target=""Ma&#238;tresse Tisalver"">      <data key=""d1"">1</data>    </edge>    <edge source=""Dors Venabili"" target=""Astinwald"">      <data key=""d1"">1</data>    </edge>    <edge source=""Dors Venabili"" target=""Empereur"">      <data key=""d1"">3</data>    </edge>    <edge source=""Dors Venabili"" target=""Hummin"">      <data key=""d1"">4</data>    </edge>    <edge source=""Empereur"" target=""Ma&#238;tresse Tisalver"">      <data key=""d1"">1</data>    </edge>    <edge source=""Empereur"" target=""Hummin"">      <data key=""d1"">1</data>    </edge>    <edge source=""Ma&#238;tresse Tisalver"" target=""Russ"">      <data key=""d1"">1</data>    </edge>    <edge source=""Russ"" target=""Astinwald"">      <data key=""d1"">5</data>    </edge>  </graph></graphml>"
paf16,"<graphml xmlns=""http://graphml.graphdrawing.org/xmlns"" xmlns:xsi=""http://www.w3.org/2001/XMLSchema-instance"" xsi:schemaLocation=""http://graphml.graphdrawing.org/xmlns http://graphml.graphdrawing.org/xmlns/1.0/graphml.xsd"">  <key id=""d1"" for=""edge"" attr.name=""weight"" attr.type=""long"" />  <key id=""d0"" for=""node"" attr.name=""names"" attr.type=""string"" />  <graph edgedefault=""undirected"">    <node id=""Emmer Thalus"">      <data key=""d0"">Emmer Thalus;Thalus</data>    </node>    <node id=""Hari Seldon"">      <data key=""d0"">Hari Seldon;Seldon;Hari;Ma&#238;tre</data>    </node>    <node id=""Raych"">      <data key=""d0"">Raych</data>    </node>    <node id=""Davan"">      <data key=""d0"">Davan</data>    </node>    <node id=""Chetter Hummin"">      <data key=""d0"">Chetter Hummin;Hummin</data>    </node>    <node id=""Rachelle"">      <data key=""d0"">Rachelle</data>    </node>    <node id=""Mannix IV"">      <data key=""d0"">Mannix IV</data>    </node>    <node id=""Empereur"">      <data key=""d0"">Empereur</data>    </node>    <edge source=""Emmer Thalus"" target=""Hari Seldon"">      <data key=""d1"">3</data>    </edge>    <edge source=""Emmer Thalus"" target=""Raych"">      <data key=""d1"">2</data>    </edge>    <edge source=""Hari Seldon"" target=""Raych"">      <data key=""d1"">9</data>    </edge>    <edge source=""Hari Seldon"" target=""Chetter Hummin"">      <data key=""d1"">2</data>    </edge>    <edge source=""Hari Seldon"" target=""Rachelle"">      <data key=""d1"">8</data>    </edge>    <edge source=""Hari Seldon"" target=""Mannix IV"">      <data key=""d1"">1</data>    </edge>    <edge source=""Raych"" target=""Davan"">      <data key=""d1"">1</data>    </edge>    <edge source=""Raych"" target=""Rachelle"">      <data key=""d1"">4</data>    </edge>    <edge source=""Rachelle"" target=""Empereur"">      <data key=""d1"">1</data>    </edge>  </graph></graphml>"
paf17,"<graphml xmlns=""http://graphml.graphdrawing.org/xmlns"" xmlns:xsi=""http://www.w3.org/2001/XMLSchema-instance"" xsi:schemaLocation=""http://graphml.graphdrawing.org/xmlns http://graphml.graphdrawing.org/xmlns/1.0/graphml.xsd"">  <key id=""d1"" for=""edge"" attr.name=""weight"" attr.type=""long"" />  <key id=""d0"" for=""node"" attr.name=""names"" attr.type=""string"" />  <graph edgedefault=""undirected"">    <node id=""Seldon"">      <data key=""d0"">Seldon;Hari</data>    </node>    <node id=""Dors Venabili"">      <data key=""d0"">Dors Venabili;Dors;Venabili</data>    </node>    <node id=""Raych"">      <data key=""d0"">Raych</data>    </node>    <node id=""Hummin"">      <data key=""d0"">Hummin</data>    </node>    <node id=""Rachelle"">      <data key=""d0"">Rachelle</data>    </node>    <node id=""Empereur"">      <data key=""d0"">Empereur</data>    </node>    <node id=""Mannix IV"">      <data key=""d0"">Mannix IV;Mannix</data>    </node>    <node id=""Demerzel"">      <data key=""d0"">Demerzel</data>    </node>    <edge source=""Seldon"" target=""Dors Venabili"">      <data key=""d1"">10</data>    </edge>    <edge source=""Seldon"" target=""Raych"">      <data key=""d1"">4</data>    </edge>    <edge source=""Seldon"" target=""Hummin"">      <data key=""d1"">8</data>    </edge>    <edge source=""Seldon"" target=""Mannix IV"">      <data key=""d1"">2</data>    </edge>    <edge source=""Seldon"" target=""Rachelle"">      <data key=""d1"">2</data>    </edge>    <edge source=""Seldon"" target=""Demerzel"">      <data key=""d1"">2</data>    </edge>    <edge source=""Dors Venabili"" target=""Raych"">      <data key=""d1"">4</data>    </edge>    <edge source=""Dors Venabili"" target=""Rachelle"">      <data key=""d1"">2</data>    </edge>    <edge source=""Dors Venabili"" target=""Mannix IV"">      <data key=""d1"">2</data>    </edge>    <edge source=""Dors Venabili"" target=""Demerzel"">      <data key=""d1"">1</data>    </edge>    <edge source=""Dors Venabili"" target=""Hummin"">      <data key=""d1"">1</data>    </edge>    <edge source=""Raych"" target=""Rachelle"">      <data key=""d1"">2</data>    </edge>    <edge source=""Raych"" target=""Mannix IV"">      <data key=""d1"">1</data>    </edge>    <edge source=""Hummin"" target=""Rachelle"">      <data key=""d1"">4</data>    </edge>    <edge source=""Hummin"" target=""Demerzel"">      <data key=""d1"">1</data>    </edge>    <edge source=""Rachelle"" target=""Empereur"">      <data key=""d1"">2</data>    </edge>    <edge source=""Rachelle"" target=""Mannix IV"">      <data key=""d1"">1</data>    </edge>    <edge source=""Rachelle"" target=""Demerzel"">      <data key=""d1"">1</data>    </edge>  </graph></graphml>"
paf18,"<graphml xmlns=""http://graphml.graphdrawing.org/xmlns"" xmlns:xsi=""http://www.w3.org/2001/XMLSchema-instance"" xsi:schemaLocation=""http://graphml.graphdrawing.org/xmlns http://graphml.graphdrawing.org/xmlns/1.0/graphml.xsd"">  <key id=""d1"" for=""edge"" attr.name=""weight"" attr.type=""long"" />  <key id=""d0"" for=""node"" attr.name=""names"" attr.type=""string"" />  <graph edgedefault=""undirected"">    <node id=""Dors SELDON"">      <data key=""d0"">Dors SELDON;Dors</data>    </node>    <node id=""Hari Seldon"">      <data key=""d0"">Hari Seldon;Seldon;Hari</data>    </node>    <node id=""Raych Seldon"">      <data key=""d0"">Raych Seldon;Seldon;Raych</data>    </node>    <node id=""Hummin"">      <data key=""d0"">Hummin</data>    </node>    <node id=""Ma&#238;tre-du-Soleil Quatorze"">      <data key=""d0"">Ma&#238;tre-du-Soleil Quatorze</data>    </node>    <node id=""Rachelle"">      <data key=""d0"">Rachelle</data>    </node>    <node id=""Daneel"">      <data key=""d0"">Daneel</data>    </node>    <node id=""Yugo Amaryl"">      <data key=""d0"">Yugo Amaryl</data>    </node>    <node id=""Demerzel"">      <data key=""d0"">Demerzel</data>    </node>    <edge source=""Dors SELDON"" target=""Hari Seldon"">      <data key=""d1"">4</data>    </edge>    <edge source=""Dors SELDON"" target=""Ma&#238;tre-du-Soleil Quatorze"">      <data key=""d1"">1</data>    </edge>    <edge source=""Dors SELDON"" target=""Rachelle"">      <data key=""d1"">1</data>    </edge>    <edge source=""Dors SELDON"" target=""Raych Seldon"">      <data key=""d1"">1</data>    </edge>    <edge source=""Dors SELDON"" target=""Daneel"">      <data key=""d1"">1</data>    </edge>    <edge source=""Hari Seldon"" target=""Raych Seldon"">      <data key=""d1"">1</data>    </edge>    <edge source=""Hari Seldon"" target=""Hummin"">      <data key=""d1"">6</data>    </edge>    <edge source=""Hari Seldon"" target=""Daneel"">      <data key=""d1"">6</data>    </edge>    <edge source=""Raych Seldon"" target=""Yugo Amaryl"">      <data key=""d1"">2</data>    </edge>    <edge source=""Hummin"" target=""Demerzel"">      <data key=""d1"">1</data>    </edge>    <edge source=""Daneel"" target=""Demerzel"">      <data key=""d1"">1</data>    </edge>  </graph></graphml>"
paf1,"<graphml xmlns=""http://graphml.graphdrawing.org/xmlns"" xmlns:xsi=""http://www.w3.org/2001/XMLSchema-instance"" xsi:schemaLocation=""http://graphml.graphdrawing.org/xmlns http://graphml.graphdrawing.org/xmlns/1.0/graphml.xsd"">  <key id=""d1"" for=""edge"" attr.name=""weight"" attr.type=""long"" />  <key id=""d0"" for=""node"" attr.name=""names"" attr.type=""string"" />  <graph edgedefault=""undirected"">    <node id=""Alem"">      <data key=""d0"">Alem</data>    </node>    <node id=""Marbie"">      <data key=""d0"">Marbie</data>    </node>    <node id=""Hummin"">      <data key=""d0"">Hummin</data>    </node>    <node id=""Seldon"">      <data key=""d0"">Seldon</data>    </node>    <node id=""Demerzel"">      <data key=""d0"">Demerzel</data>    </node>    <edge source=""Alem"" target=""Marbie"">      <data key=""d1"">4</data>    </edge>    <edge source=""Alem"" target=""Hummin"">      <data key=""d1"">3</data>    </edge>    <edge source=""Alem"" target=""Seldon"">      <data key=""d1"">3</data>    </edge>    <edge source=""Marbie"" target=""Hummin"">      <data key=""d1"">1</data>    </edge>    <edge source=""Marbie"" target=""Seldon"">      <data key=""d1"">1</data>    </edge>    <edge source=""Hummin"" target=""Seldon"">      <data key=""d1"">11</data>    </edge>    <edge source=""Seldon"" target=""Demerzel"">      <data key=""d1"">1</data>    </edge>  </graph></graphml>"
paf2,"<graphml xmlns=""http://graphml.graphdrawing.org/xmlns"" xmlns:xsi=""http://www.w3.org/2001/XMLSchema-instance"" xsi:schemaLocation=""http://graphml.graphdrawing.org/xmlns http://graphml.graphdrawing.org/xmlns/1.0/graphml.xsd"">  <key id=""d1"" for=""edge"" attr.name=""weight"" attr.type=""long"" />  <key id=""d0"" for=""node"" attr.name=""names"" attr.type=""string"" />  <graph edgedefault=""undirected"">    <node id=""Empereur"">      <data key=""d0"">Empereur</data>    </node>    <node id=""Demerzel"">      <data key=""d0"">Demerzel</data>    </node>    <node id=""Hari Seldon"">      <data key=""d0"">Hari Seldon;Seldon</data>    </node>    <node id=""Hummin"">      <data key=""d0"">Hummin</data>    </node>    <edge source=""Empereur"" target=""Demerzel"">      <data key=""d1"">2</data>    </edge>    <edge source=""Demerzel"" target=""Hari Seldon"">      <data key=""d1"">1</data>    </edge>    <edge source=""Hari Seldon"" target=""Hummin"">      <data key=""d1"">2</data>    </edge>  </graph></graphml>"
paf3,"<graphml xmlns=""http://graphml.graphdrawing.org/xmlns"" xmlns:xsi=""http://www.w3.org/2001/XMLSchema-instance"" xsi:schemaLocation=""http://graphml.graphdrawing.org/xmlns http://graphml.graphdrawing.org/xmlns/1.0/graphml.xsd"">  <key id=""d1"" for=""edge"" attr.name=""weight"" attr.type=""long"" />  <key id=""d0"" for=""node"" attr.name=""names"" attr.type=""string"" />  <graph edgedefault=""undirected"">    <node id=""Hari Seldon"">      <data key=""d0"">Hari Seldon;Seldon;Hari;Sel</data>    </node>    <node id=""Chetter Hummin"">      <data key=""d0"">Chetter Hummin;Hummin</data>    </node>    <node id=""Dors Machinchose"">      <data key=""d0"">Dors Machinchose;Venabili;Dors;Dors Venabili</data>    </node>    <node id=""Empereur"">      <data key=""d0"">Empereur;Sire</data>    </node>    <node id=""Demerzel"">      <data key=""d0"">Demerzel</data>    </node>    <node id=""Kan"">      <data key=""d0"">Kan</data>    </node>    <edge source=""Hari Seldon"" target=""Chetter Hummin"">      <data key=""d1"">5</data>    </edge>    <edge source=""Hari Seldon"" target=""Demerzel"">      <data key=""d1"">4</data>    </edge>    <edge source=""Hari Seldon"" target=""Kan"">      <data key=""d1"">2</data>    </edge>    <edge source=""Hari Seldon"" target=""Dors Machinchose"">      <data key=""d1"">2</data>    </edge>    <edge source=""Chetter Hummin"" target=""Dors Machinchose"">      <data key=""d1"">1</data>    </edge>    <edge source=""Empereur"" target=""Demerzel"">      <data key=""d1"">2</data>    </edge>    <edge source=""Demerzel"" target=""Kan"">      <data key=""d1"">2</data>    </edge>  </graph></graphml>"
paf4,"<graphml xmlns=""http://graphml.graphdrawing.org/xmlns"" xmlns:xsi=""http://www.w3.org/2001/XMLSchema-instance"" xsi:schemaLocation=""http://graphml.graphdrawing.org/xmlns http://graphml.graphdrawing.org/xmlns/1.0/graphml.xsd"">  <key id=""d1"" for=""edge"" attr.name=""weight"" attr.type=""long"" />  <key id=""d0"" for=""node"" attr.name=""names"" attr.type=""string"" />  <graph edgedefault=""undirected"">    <node id=""Hari Seldon"">      <data key=""d0"">Hari Seldon;Seldon;Hari</data>    </node>    <node id=""Hummin"">      <data key=""d0"">Hummin</data>    </node>    <node id=""Lisung Randa"">      <data key=""d0"">Lisung Randa;Randa;Lisung</data>    </node>    <node id=""Kiangtow Randa"">      <data key=""d0"">Kiangtow Randa;Randa</data>    </node>    <node id=""Jenarr Leggen"">      <data key=""d0"">Jenarr Leggen;Leggen</data>    </node>    <node id=""Clowzia"">      <data key=""d0"">Clowzia</data>    </node>    <edge source=""Hari Seldon"" target=""Hummin"">      <data key=""d1"">1</data>    </edge>    <edge source=""Hari Seldon"" target=""Lisung Randa"">      <data key=""d1"">4</data>    </edge>    <edge source=""Hari Seldon"" target=""Kiangtow Randa"">      <data key=""d1"">1</data>    </edge>    <edge source=""Hari Seldon"" target=""Jenarr Leggen"">      <data key=""d1"">3</data>    </edge>    <edge source=""Hari Seldon"" target=""Clowzia"">      <data key=""d1"">4</data>    </edge>  </graph></graphml>"
paf5,"<graphml xmlns=""http://graphml.graphdrawing.org/xmlns"" xmlns:xsi=""http://www.w3.org/2001/XMLSchema-instance"" xsi:schemaLocation=""http://graphml.graphdrawing.org/xmlns http://graphml.graphdrawing.org/xmlns/1.0/graphml.xsd"">  <key id=""d1"" for=""edge"" attr.name=""weight"" attr.type=""long"" />  <key id=""d0"" for=""node"" attr.name=""names"" attr.type=""string"" />  <graph edgedefault=""undirected"">    <node id=""Jenarr Leggen"">      <data key=""d0"">Jenarr Leggen;Leggen;Jenarr</data>    </node>    <node id=""Hari Seldon"">      <data key=""d0"">Hari Seldon;Seldon;Hari</data>    </node>    <node id=""Docteur Venabili"">      <data key=""d0"">Docteur Venabili;Dors Venabili;Venabili</data>    </node>    <node id=""Clowzia"">      <data key=""d0"">Clowzia</data>    </node>    <node id=""Benastra"">      <data key=""d0"">Benastra</data>    </node>    <edge source=""Jenarr Leggen"" target=""Hari Seldon"">      <data key=""d1"">6</data>    </edge>    <edge source=""Jenarr Leggen"" target=""Docteur Venabili"">      <data key=""d1"">2</data>    </edge>    <edge source=""Jenarr Leggen"" target=""Benastra"">      <data key=""d1"">3</data>    </edge>    <edge source=""Jenarr Leggen"" target=""Clowzia"">      <data key=""d1"">1</data>    </edge>    <edge source=""Hari Seldon"" target=""Clowzia"">      <data key=""d1"">1</data>    </edge>    <edge source=""Hari Seldon"" target=""Benastra"">      <data key=""d1"">2</data>    </edge>    <edge source=""Docteur Venabili"" target=""Benastra"">      <data key=""d1"">1</data>    </edge>  </graph></graphml>"
paf6,"<graphml xmlns=""http://graphml.graphdrawing.org/xmlns"" xmlns:xsi=""http://www.w3.org/2001/XMLSchema-instance"" xsi:schemaLocation=""http://graphml.graphdrawing.org/xmlns http://graphml.graphdrawing.org/xmlns/1.0/graphml.xsd"">  <key id=""d1"" for=""edge"" attr.name=""weight"" attr.type=""long"" />  <key id=""d0"" for=""node"" attr.name=""names"" attr.type=""string"" />  <graph edgedefault=""undirected"">    <node id=""Seldon"">      <data key=""d0"">Seldon;Hari</data>    </node>    <node id=""Hummin"">      <data key=""d0"">Hummin</data>    </node>    <node id=""Eto Demerzel"">      <data key=""d0"">Eto Demerzel;Demerzel</data>    </node>    <node id=""Leggen"">      <data key=""d0"">Leggen</data>    </node>    <edge source=""Seldon"" target=""Hummin"">      <data key=""d1"">6</data>    </edge>    <edge source=""Seldon"" target=""Leggen"">      <data key=""d1"">4</data>    </edge>    <edge source=""Seldon"" target=""Eto Demerzel"">      <data key=""d1"">2</data>    </edge>    <edge source=""Hummin"" target=""Eto Demerzel"">      <data key=""d1"">2</data>    </edge>  </graph></graphml>"
paf7,"<graphml xmlns=""http://graphml.graphdrawing.org/xmlns"" xmlns:xsi=""http://www.w3.org/2001/XMLSchema-instance"" xsi:schemaLocation=""http://graphml.graphdrawing.org/xmlns http://graphml.graphdrawing.org/xmlns/1.0/graphml.xsd"">  <key id=""d1"" for=""edge"" attr.name=""weight"" attr.type=""long"" />  <key id=""d0"" for=""node"" attr.name=""names"" attr.type=""string"" />  <graph edgedefault=""undirected"">    <node id=""Hari Seldon"">      <data key=""d0"">Hari Seldon;Seldon;Hari</data>    </node>    <node id=""Endor Levanian"">      <data key=""d0"">Endor Levanian;Levanian</data>    </node>    <node id=""Chetter Hummin"">      <data key=""d0"">Chetter Hummin;Hummin</data>    </node>    <node id=""Ma&#238;tre-du-Soleil Quatorze"">      <data key=""d0"">Ma&#238;tre-du-Soleil Quatorze</data>    </node>    <node id=""Grisnuage"">      <data key=""d0"">Grisnuage</data>    </node>    <edge source=""Hari Seldon"" target=""Endor Levanian"">      <data key=""d1"">1</data>    </edge>    <edge source=""Hari Seldon"" target=""Ma&#238;tre-du-Soleil Quatorze"">      <data key=""d1"">1</data>    </edge>    <edge source=""Hari Seldon"" target=""Grisnuage"">      <data key=""d1"">2</data>    </edge>    <edge source=""Endor Levanian"" target=""Chetter Hummin"">      <data key=""d1"">1</data>    </edge>    <edge source=""Chetter Hummin"" target=""Ma&#238;tre-du-Soleil Quatorze"">      <data key=""d1"">1</data>    </edge>  </graph></graphml>"
paf8,"<graphml xmlns=""http://graphml.graphdrawing.org/xmlns"" xmlns:xsi=""http://www.w3.org/2001/XMLSchema-instance"" xsi:schemaLocation=""http://graphml.graphdrawing.org/xmlns http://graphml.graphdrawing.org/xmlns/1.0/graphml.xsd"">  <key id=""d1"" for=""edge"" attr.name=""weight"" attr.type=""long"" />  <key id=""d0"" for=""node"" attr.name=""names"" attr.type=""string"" />  <graph edgedefault=""undirected"">    <node id=""Chetter Hummin"">      <data key=""d0"">Chetter Hummin;Hummin</data>    </node>    <node id=""Ma&#238;tre-du-Soleil Quatorze"">      <data key=""d0"">Ma&#238;tre-du-Soleil Quatorze</data>    </node>    <edge source=""Chetter Hummin"" target=""Ma&#238;tre-du-Soleil Quatorze"">      <data key=""d1"">1</data>    </edge>  </graph></graphml>"
lca0,"<graphml xmlns=""http://graphml.graphdrawing.org/xmlns"" xmlns:xsi=""http://www.w3.org/2001/XMLSchema-instance"" xsi:schemaLocation=""http://graphml.graphdrawing.org/xmlns http://graphml.graphdrawing.org/xmlns/1.0/graphml.xsd"">  <key id=""d1"" for=""edge"" attr.name=""weight"" attr.type=""long"" />  <key id=""d0"" for=""node"" attr.name=""names"" attr.type=""string"" />  <graph edgedefault=""undirected"">    <node id=""Simpson"">      <data key=""d0"">Simpson</data>    </node>    <node id=""R. Sammy"">      <data key=""d0"">R. Sammy</data>    </node>    <node id=""Vince Barrett"">      <data key=""d0"">Vince Barrett</data>    </node>    <node id=""Lije"">      <data key=""d0"">Lije</data>    </node>    <node id=""Baley"">      <data key=""d0"">Baley</data>    </node>    <node id=""Robot Daneel Olivaw"">      <data key=""d0"">Robot Daneel Olivaw</data>    </node>    <edge source=""Simpson"" target=""R. Sammy"">      <data key=""d1"">1</data>    </edge>    <edge source=""R. Sammy"" target=""Vince Barrett"">      <data key=""d1"">2</data>    </edge>    <edge source=""Lije"" target=""Baley"">      <data key=""d1"">2</data>    </edge>    <edge source=""Baley"" target=""Robot Daneel Olivaw"">      <data key=""d1"">1</data>    </edge>  </graph></graphml>"
lca9,"<graphml xmlns=""http://graphml.graphdrawing.org/xmlns"" xmlns:xsi=""http://www.w3.org/2001/XMLSchema-instance"" xsi:schemaLocation=""http://graphml.graphdrawing.org/xmlns http://graphml.graphdrawing.org/xmlns/1.0/graphml.xsd"">  <key id=""d1"" for=""edge"" attr.name=""weight"" attr.type=""long"" />  <key id=""d0"" for=""node"" attr.name=""names"" attr.type=""string"" />  <graph edgedefault=""undirected"">    <node id=""Enderby"">      <data key=""d0"">Enderby;Julius</data>    </node>    <node id=""Dr Sarton"">      <data key=""d0"">Dr Sarton</data>    </node>    <node id=""Baley"">      <data key=""d0"">Baley</data>    </node>    <node id=""Elijah"">      <data key=""d0"">Elijah;Lije</data>    </node>    <node id=""Fastolfe"">      <data key=""d0"">Fastolfe</data>    </node>    <node id=""R. Daneel"">      <data key=""d0"">R. Daneel;Daneel</data>    </node>    <node id=""Jessie"">      <data key=""d0"">Jessie</data>    </node>    <node id=""Bentley"">      <data key=""d0"">Bentley</data>    </node>    <edge source=""Enderby"" target=""Dr Sarton"">      <data key=""d1"">1</data>    </edge>    <edge source=""Enderby"" target=""Baley"">      <data key=""d1"">1</data>    </edge>    <edge source=""Dr Sarton"" target=""Baley"">      <data key=""d1"">2</data>    </edge>    <edge source=""Dr Sarton"" target=""Bentley"">      <data key=""d1"">1</data>    </edge>    <edge source=""Baley"" target=""Elijah"">      <data key=""d1"">2</data>    </edge>    <edge source=""Baley"" target=""Fastolfe"">      <data key=""d1"">1</data>    </edge>    <edge source=""Baley"" target=""R. Daneel"">      <data key=""d1"">3</data>    </edge>    <edge source=""Elijah"" target=""R. Daneel"">      <data key=""d1"">5</data>    </edge>    <edge source=""R. Daneel"" target=""Jessie"">      <data key=""d1"">1</data>    </edge>  </graph></graphml>"
lca10,"<graphml xmlns=""http://graphml.graphdrawing.org/xmlns"" xmlns:xsi=""http://www.w3.org/2001/XMLSchema-instance"" xsi:schemaLocation=""http://graphml.graphdrawing.org/xmlns http://graphml.graphdrawing.org/xmlns/1.0/graphml.xsd"">  <key id=""d1"" for=""edge"" attr.name=""weight"" attr.type=""long"" />  <key id=""d0"" for=""node"" attr.name=""names"" attr.type=""string"" />  <graph edgedefault=""undirected"">    <node id=""Elijah Baley"">      <data key=""d0"">Elijah Baley;Baley;Elijah</data>    </node>    <node id=""R. Daneel"">      <data key=""d0"">R. Daneel;Daneel</data>    </node>    <node id=""Ben"">      <data key=""d0"">Ben</data>    </node>    <edge source=""Elijah Baley"" target=""R. Daneel"">      <data key=""d1"">7</data>    </edge>    <edge source=""Elijah Baley"" target=""Ben"">      <data key=""d1"">2</data>    </edge>  </graph></graphml>"
lca11,"<graphml xmlns=""http://graphml.graphdrawing.org/xmlns"" xmlns:xsi=""http://www.w3.org/2001/XMLSchema-instance"" xsi:schemaLocation=""http://graphml.graphdrawing.org/xmlns http://graphml.graphdrawing.org/xmlns/1.0/graphml.xsd"">  <key id=""d1"" for=""edge"" attr.name=""weight"" attr.type=""long"" />  <key id=""d0"" for=""node"" attr.name=""names"" attr.type=""string"" />  <graph edgedefault=""undirected"">    <node id=""R. Sammy"">      <data key=""d0"">R. Sammy</data>    </node>    <node id=""Lije"">      <data key=""d0"">Lije;Elijah</data>    </node>    <node id=""Baley"">      <data key=""d0"">Baley</data>    </node>    <node id=""Enderby"">      <data key=""d0"">Enderby;Julius</data>    </node>    <node id=""R. Daneel"">      <data key=""d0"">R. Daneel;Daneel</data>    </node>    <node id=""Paul Gerhard"">      <data key=""d0"">Paul Gerhard</data>    </node>    <edge source=""R. Sammy"" target=""Lije"">      <data key=""d1"">1</data>    </edge>    <edge source=""Lije"" target=""Baley"">      <data key=""d1"">3</data>    </edge>    <edge source=""Lije"" target=""Enderby"">      <data key=""d1"">1</data>    </edge>    <edge source=""Baley"" target=""R. Daneel"">      <data key=""d1"">2</data>    </edge>    <edge source=""Baley"" target=""Paul Gerhard"">      <data key=""d1"">2</data>    </edge>  </graph></graphml>"
lca12,"<graphml xmlns=""http://graphml.graphdrawing.org/xmlns"" xmlns:xsi=""http://www.w3.org/2001/XMLSchema-instance"" xsi:schemaLocation=""http://graphml.graphdrawing.org/xmlns http://graphml.graphdrawing.org/xmlns/1.0/graphml.xsd"">  <key id=""d1"" for=""edge"" attr.name=""weight"" attr.type=""long"" />  <key id=""d0"" for=""node"" attr.name=""names"" attr.type=""string"" />  <graph edgedefault=""undirected"">    <node id=""Dr Gerrigel"">      <data key=""d0"">Dr Gerrigel;Gerrigel</data>    </node>    <node id=""Baley"">      <data key=""d0"">Baley</data>    </node>    <node id=""R. Daneel"">      <data key=""d0"">R. Daneel;Daneel</data>    </node>    <node id=""Norris"">      <data key=""d0"">Norris</data>    </node>    <node id=""Vince Barrett"">      <data key=""d0"">Vince Barrett;Barrett</data>    </node>    <node id=""R. Sammy"">      <data key=""d0"">R. Sammy</data>    </node>    <node id=""Phil"">      <data key=""d0"">Phil</data>    </node>    <node id=""Lije"">      <data key=""d0"">Lije;Elijah</data>    </node>    <node id=""Julius Enderby"">      <data key=""d0"">Julius Enderby;Enderby</data>    </node>    <node id=""Jessie"">      <data key=""d0"">Jessie</data>    </node>    <edge source=""Dr Gerrigel"" target=""Baley"">      <data key=""d1"">1</data>    </edge>    <edge source=""Dr Gerrigel"" target=""R. Daneel"">      <data key=""d1"">2</data>    </edge>    <edge source=""Dr Gerrigel"" target=""Julius Enderby"">      <data key=""d1"">1</data>    </edge>    <edge source=""Baley"" target=""Norris"">      <data key=""d1"">3</data>    </edge>    <edge source=""Baley"" target=""R. Sammy"">      <data key=""d1"">1</data>    </edge>    <edge source=""Baley"" target=""Julius Enderby"">      <data key=""d1"">3</data>    </edge>    <edge source=""Baley"" target=""R. Daneel"">      <data key=""d1"">3</data>    </edge>    <edge source=""Baley"" target=""Jessie"">      <data key=""d1"">1</data>    </edge>    <edge source=""R. Daneel"" target=""Julius Enderby"">      <data key=""d1"">3</data>    </edge>    <edge source=""R. Daneel"" target=""Jessie"">      <data key=""d1"">1</data>    </edge>    <edge source=""Norris"" target=""Vince Barrett"">      <data key=""d1"">2</data>    </edge>    <edge source=""Norris"" target=""Phil"">      <data key=""d1"">1</data>    </edge>    <edge source=""Norris"" target=""Lije"">      <data key=""d1"">1</data>    </edge>    <edge source=""Vince Barrett"" target=""R. Sammy"">      <data key=""d1"">1</data>    </edge>  </graph></graphml>"
lca13,"<graphml xmlns=""http://graphml.graphdrawing.org/xmlns"" xmlns:xsi=""http://www.w3.org/2001/XMLSchema-instance"" xsi:schemaLocation=""http://graphml.graphdrawing.org/xmlns http://graphml.graphdrawing.org/xmlns/1.0/graphml.xsd"">  <key id=""d1"" for=""edge"" attr.name=""weight"" attr.type=""long"" />  <key id=""d0"" for=""node"" attr.name=""names"" attr.type=""string"" />  <graph edgedefault=""undirected"">    <node id=""Baley"">      <data key=""d0"">Baley</data>    </node>    <node id=""Jessie"">      <data key=""d0"">Jessie</data>    </node>    <node id=""R. Daneel"">      <data key=""d0"">R. Daneel;Daneel</data>    </node>    <node id=""Lije"">      <data key=""d0"">Lije</data>    </node>    <node id=""Jane Myers"">      <data key=""d0"">Jane Myers</data>    </node>    <node id=""Elisabeth"">      <data key=""d0"">Elisabeth</data>    </node>    <node id=""Bentley"">      <data key=""d0"">Bentley</data>    </node>    <node id=""Francis Clousarr"">      <data key=""d0"">Francis Clousarr</data>    </node>    <edge source=""Baley"" target=""Jessie"">      <data key=""d1"">7</data>    </edge>    <edge source=""Baley"" target=""Lije"">      <data key=""d1"">5</data>    </edge>    <edge source=""Baley"" target=""R. Daneel"">      <data key=""d1"">4</data>    </edge>    <edge source=""Jessie"" target=""R. Daneel"">      <data key=""d1"">7</data>    </edge>    <edge source=""Jessie"" target=""Lije"">      <data key=""d1"">4</data>    </edge>    <edge source=""R. Daneel"" target=""Francis Clousarr"">      <data key=""d1"">2</data>    </edge>    <edge source=""Lije"" target=""Bentley"">      <data key=""d1"">1</data>    </edge>    <edge source=""Jane Myers"" target=""Elisabeth"">      <data key=""d1"">1</data>    </edge>  </graph></graphml>"
lca14,"<graphml xmlns=""http://graphml.graphdrawing.org/xmlns"" xmlns:xsi=""http://www.w3.org/2001/XMLSchema-instance"" xsi:schemaLocation=""http://graphml.graphdrawing.org/xmlns http://graphml.graphdrawing.org/xmlns/1.0/graphml.xsd"">  <key id=""d1"" for=""edge"" attr.name=""weight"" attr.type=""long"" />  <key id=""d0"" for=""node"" attr.name=""names"" attr.type=""string"" />  <graph edgedefault=""undirected"">    <node id=""Francis Clousarr"">      <data key=""d0"">Francis Clousarr;Clousarr</data>    </node>    <node id=""Baley"">      <data key=""d0"">Baley</data>    </node>    <node id=""R. Daneel"">      <data key=""d0"">R. Daneel;Daneel</data>    </node>    <node id=""Elijah"">      <data key=""d0"">Elijah</data>    </node>    <node id=""Dr Fastolfe"">      <data key=""d0"">Dr Fastolfe</data>    </node>    <node id=""R. Sammy"">      <data key=""d0"">R. Sammy</data>    </node>    <edge source=""Francis Clousarr"" target=""Baley"">      <data key=""d1"">8</data>    </edge>    <edge source=""Francis Clousarr"" target=""R. Daneel"">      <data key=""d1"">4</data>    </edge>    <edge source=""Francis Clousarr"" target=""Elijah"">      <data key=""d1"">1</data>    </edge>    <edge source=""Francis Clousarr"" target=""Dr Fastolfe"">      <data key=""d1"">1</data>    </edge>    <edge source=""Baley"" target=""R. Daneel"">      <data key=""d1"">7</data>    </edge>    <edge source=""Baley"" target=""Elijah"">      <data key=""d1"">1</data>    </edge>    <edge source=""Baley"" target=""R. Sammy"">      <data key=""d1"">2</data>    </edge>    <edge source=""Elijah"" target=""R. Sammy"">      <data key=""d1"">1</data>    </edge>  </graph></graphml>"
lca15,"<graphml xmlns=""http://graphml.graphdrawing.org/xmlns"" xmlns:xsi=""http://www.w3.org/2001/XMLSchema-instance"" xsi:schemaLocation=""http://graphml.graphdrawing.org/xmlns http://graphml.graphdrawing.org/xmlns/1.0/graphml.xsd"">  <key id=""d1"" for=""edge"" attr.name=""weight"" attr.type=""long"" />  <key id=""d0"" for=""node"" attr.name=""names"" attr.type=""string"" />  <graph edgedefault=""undirected"">    <node id=""Baley"">      <data key=""d0"">Baley</data>    </node>    <node id=""R. Daneel"">      <data key=""d0"">R. Daneel;Daneel</data>    </node>    <node id=""Elijah"">      <data key=""d0"">Elijah</data>    </node>    <node id=""R. Sammy"">      <data key=""d0"">R. Sammy</data>    </node>    <node id=""Enderby"">      <data key=""d0"">Enderby;Julius</data>    </node>    <node id=""Gerrigel"">      <data key=""d0"">Gerrigel</data>    </node>    <node id=""Jessie"">      <data key=""d0"">Jessie</data>    </node>    <edge source=""Baley"" target=""R. Daneel"">      <data key=""d1"">8</data>    </edge>    <edge source=""Baley"" target=""R. Sammy"">      <data key=""d1"">2</data>    </edge>    <edge source=""Baley"" target=""Enderby"">      <data key=""d1"">4</data>    </edge>    <edge source=""Baley"" target=""Gerrigel"">      <data key=""d1"">1</data>    </edge>    <edge source=""Baley"" target=""Elijah"">      <data key=""d1"">1</data>    </edge>    <edge source=""R. Daneel"" target=""Elijah"">      <data key=""d1"">3</data>    </edge>    <edge source=""R. Daneel"" target=""Enderby"">      <data key=""d1"">2</data>    </edge>    <edge source=""R. Daneel"" target=""Gerrigel"">      <data key=""d1"">1</data>    </edge>    <edge source=""Elijah"" target=""Jessie"">      <data key=""d1"">1</data>    </edge>    <edge source=""R. Sammy"" target=""Enderby"">      <data key=""d1"">1</data>    </edge>  </graph></graphml>"
lca16,"<graphml xmlns=""http://graphml.graphdrawing.org/xmlns"" xmlns:xsi=""http://www.w3.org/2001/XMLSchema-instance"" xsi:schemaLocation=""http://graphml.graphdrawing.org/xmlns http://graphml.graphdrawing.org/xmlns/1.0/graphml.xsd"">  <key id=""d1"" for=""edge"" attr.name=""weight"" attr.type=""long"" />  <key id=""d0"" for=""node"" attr.name=""names"" attr.type=""string"" />  <graph edgedefault=""undirected"">    <node id=""R. Daneel"">      <data key=""d0"">R. Daneel;Daneel</data>    </node>    <node id=""Elijah Baley"">      <data key=""d0"">Elijah Baley;Elijah;Baley;Lije</data>    </node>    <node id=""Dr Sarton"">      <data key=""d0"">Dr Sarton;Sarton</data>    </node>    <node id=""Enderby"">      <data key=""d0"">Enderby</data>    </node>    <node id=""R. Sammy"">      <data key=""d0"">R. Sammy</data>    </node>    <node id=""Jessie"">      <data key=""d0"">Jessie</data>    </node>    <node id=""Francis Clousarr"">      <data key=""d0"">Francis Clousarr;Clousarr</data>    </node>    <edge source=""R. Daneel"" target=""Elijah Baley"">      <data key=""d1"">4</data>    </edge>    <edge source=""R. Daneel"" target=""Enderby"">      <data key=""d1"">1</data>    </edge>    <edge source=""R. Daneel"" target=""R. Sammy"">      <data key=""d1"">1</data>    </edge>    <edge source=""Elijah Baley"" target=""Dr Sarton"">      <data key=""d1"">2</data>    </edge>    <edge source=""Elijah Baley"" target=""Enderby"">      <data key=""d1"">1</data>    </edge>    <edge source=""Elijah Baley"" target=""Jessie"">      <data key=""d1"">1</data>    </edge>    <edge source=""R. Sammy"" target=""Francis Clousarr"">      <data key=""d1"">1</data>    </edge>    <edge source=""R. Sammy"" target=""Jessie"">      <data key=""d1"">1</data>    </edge>    <edge source=""Jessie"" target=""Francis Clousarr"">      <data key=""d1"">1</data>    </edge>  </graph></graphml>"
lca17,"<graphml xmlns=""http://graphml.graphdrawing.org/xmlns"" xmlns:xsi=""http://www.w3.org/2001/XMLSchema-instance"" xsi:schemaLocation=""http://graphml.graphdrawing.org/xmlns http://graphml.graphdrawing.org/xmlns/1.0/graphml.xsd"">  <key id=""d1"" for=""edge"" attr.name=""weight"" attr.type=""long"" />  <key id=""d0"" for=""node"" attr.name=""names"" attr.type=""string"" />  <graph edgedefault=""undirected"">    <node id=""Julius Enderby"">      <data key=""d0"">Julius Enderby;Enderby</data>    </node>    <node id=""Clousarr"">      <data key=""d0"">Clousarr</data>    </node>    <node id=""Baley"">      <data key=""d0"">Baley</data>    </node>    <node id=""R. Sammy"">      <data key=""d0"">R. Sammy</data>    </node>    <node id=""Lije"">      <data key=""d0"">Lije;Elijah</data>    </node>    <node id=""Dr Sarton"">      <data key=""d0"">Dr Sarton;Sarton</data>    </node>    <node id=""Jessie"">      <data key=""d0"">Jessie</data>    </node>    <node id=""R. Daneel"">      <data key=""d0"">R. Daneel;Daneel</data>    </node>    <edge source=""Julius Enderby"" target=""Clousarr"">      <data key=""d1"">3</data>    </edge>    <edge source=""Julius Enderby"" target=""Baley"">      <data key=""d1"">3</data>    </edge>    <edge source=""Julius Enderby"" target=""R. Daneel"">      <data key=""d1"">3</data>    </edge>    <edge source=""Julius Enderby"" target=""Dr Sarton"">      <data key=""d1"">4</data>    </edge>    <edge source=""Clousarr"" target=""Baley"">      <data key=""d1"">2</data>    </edge>    <edge source=""Clousarr"" target=""Lije"">      <data key=""d1"">1</data>    </edge>    <edge source=""Clousarr"" target=""Dr Sarton"">      <data key=""d1"">1</data>    </edge>    <edge source=""Clousarr"" target=""Jessie"">      <data key=""d1"">1</data>    </edge>    <edge source=""Baley"" target=""Dr Sarton"">      <data key=""d1"">1</data>    </edge>    <edge source=""Baley"" target=""R. Daneel"">      <data key=""d1"">1</data>    </edge>    <edge source=""R. Sammy"" target=""Lije"">      <data key=""d1"">1</data>    </edge>    <edge source=""R. Sammy"" target=""Dr Sarton"">      <data key=""d1"">3</data>    </edge>    <edge source=""R. Sammy"" target=""R. Daneel"">      <data key=""d1"">1</data>    </edge>    <edge source=""Dr Sarton"" target=""R. Daneel"">      <data key=""d1"">8</data>    </edge>    <edge source=""Jessie"" target=""R. Daneel"">      <data key=""d1"">1</data>    </edge>  </graph></graphml>"
lca1,"<graphml xmlns=""http://graphml.graphdrawing.org/xmlns"" xmlns:xsi=""http://www.w3.org/2001/XMLSchema-instance"" xsi:schemaLocation=""http://graphml.graphdrawing.org/xmlns http://graphml.graphdrawing.org/xmlns/1.0/graphml.xsd"">  <key id=""d1"" for=""edge"" attr.name=""weight"" attr.type=""long"" />  <key id=""d0"" for=""node"" attr.name=""names"" attr.type=""string"" />  <graph edgedefault=""undirected"">    <node id=""Julius Enderby"">      <data key=""d0"">Julius Enderby;Enderby</data>    </node>    <node id=""Elijah Baley"">      <data key=""d0"">Elijah Baley;Baley;Elijah</data>    </node>    <node id=""R. Daneel Olivaw"">      <data key=""d0"">R. Daneel Olivaw;Olivaw;Da... Daneel;R. Daneel;Daneel</data>    </node>    <edge source=""Julius Enderby"" target=""Elijah Baley"">      <data key=""d1"">1</data>    </edge>    <edge source=""Elijah Baley"" target=""R. Daneel Olivaw"">      <data key=""d1"">7</data>    </edge>  </graph></graphml>"
lca2,"<graphml xmlns=""http://graphml.graphdrawing.org/xmlns"" xmlns:xsi=""http://www.w3.org/2001/XMLSchema-instance"" xsi:schemaLocation=""http://graphml.graphdrawing.org/xmlns http://graphml.graphdrawing.org/xmlns/1.0/graphml.xsd"">  <key id=""d1"" for=""edge"" attr.name=""weight"" attr.type=""long"" />  <key id=""d0"" for=""node"" attr.name=""names"" attr.type=""string"" />  <graph edgedefault=""undirected"">    <node id=""Baley"">      <data key=""d0"">Baley</data>    </node>    <node id=""R. Daneel"">      <data key=""d0"">R. Daneel;Daneel</data>    </node>    <edge source=""Baley"" target=""R. Daneel"">      <data key=""d1"">2</data>    </edge>  </graph></graphml>"
lca3,"<graphml xmlns=""http://graphml.graphdrawing.org/xmlns"" xmlns:xsi=""http://www.w3.org/2001/XMLSchema-instance"" xsi:schemaLocation=""http://graphml.graphdrawing.org/xmlns http://graphml.graphdrawing.org/xmlns/1.0/graphml.xsd"">  <key id=""d1"" for=""edge"" attr.name=""weight"" attr.type=""long"" />  <key id=""d0"" for=""node"" attr.name=""names"" attr.type=""string"" />  <graph edgedefault=""undirected"">    <node id=""Julius Enderby"">      <data key=""d0"">Julius Enderby</data>    </node>    <node id=""Jessie"">      <data key=""d0"">Jessie</data>    </node>    <node id=""Naboth"">      <data key=""d0"">Naboth</data>    </node>    <node id=""Daneel Olivaw"">      <data key=""d0"">Daneel Olivaw;Daneel;Olivaw;R. Daneel;M. Olivaw</data>    </node>    <node id=""Bentley"">      <data key=""d0"">Bentley;Ben</data>    </node>    <edge source=""Julius Enderby"" target=""Jessie"">      <data key=""d1"">1</data>    </edge>    <edge source=""Jessie"" target=""Naboth"">      <data key=""d1"">2</data>    </edge>    <edge source=""Jessie"" target=""Daneel Olivaw"">      <data key=""d1"">3</data>    </edge>    <edge source=""Jessie"" target=""Bentley"">      <data key=""d1"">1</data>    </edge>    <edge source=""Daneel Olivaw"" target=""Bentley"">      <data key=""d1"">7</data>    </edge>  </graph></graphml>"
lca4,"<graphml xmlns=""http://graphml.graphdrawing.org/xmlns"" xmlns:xsi=""http://www.w3.org/2001/XMLSchema-instance"" xsi:schemaLocation=""http://graphml.graphdrawing.org/xmlns http://graphml.graphdrawing.org/xmlns/1.0/graphml.xsd"">  <key id=""d1"" for=""edge"" attr.name=""weight"" attr.type=""long"" />  <key id=""d0"" for=""node"" attr.name=""names"" attr.type=""string"" />  <graph edgedefault=""undirected"">    <node id=""Jessie"">      <data key=""d0"">Jessie</data>    </node>    <node id=""Olivaw"">      <data key=""d0"">Olivaw;Daneel;R. Daneel</data>    </node>    <node id=""Baley"">      <data key=""d0"">Baley</data>    </node>    <node id=""Dr Sarton"">      <data key=""d0"">Dr Sarton</data>    </node>    <node id=""Elijah"">      <data key=""d0"">Elijah;Lije</data>    </node>    <node id=""Julius Enderby"">      <data key=""d0"">Julius Enderby;Julius;Enderby</data>    </node>    <edge source=""Jessie"" target=""Olivaw"">      <data key=""d1"">1</data>    </edge>    <edge source=""Jessie"" target=""Baley"">      <data key=""d1"">1</data>    </edge>    <edge source=""Baley"" target=""Dr Sarton"">      <data key=""d1"">1</data>    </edge>    <edge source=""Baley"" target=""Elijah"">      <data key=""d1"">2</data>    </edge>    <edge source=""Baley"" target=""Julius Enderby"">      <data key=""d1"">2</data>    </edge>  </graph></graphml>"
lca5,"<graphml xmlns=""http://graphml.graphdrawing.org/xmlns"" xmlns:xsi=""http://www.w3.org/2001/XMLSchema-instance"" xsi:schemaLocation=""http://graphml.graphdrawing.org/xmlns http://graphml.graphdrawing.org/xmlns/1.0/graphml.xsd"">  <key id=""d1"" for=""edge"" attr.name=""weight"" attr.type=""long"" />  <key id=""d0"" for=""node"" attr.name=""names"" attr.type=""string"" />  <graph edgedefault=""undirected"">    <node id=""R. Daneel Olivaw"">      <data key=""d0"">R. Daneel Olivaw</data>    </node>    <node id=""Elijah Baley"">      <data key=""d0"">Elijah Baley;Baley;Lije</data>    </node>    <node id=""Jessie"">      <data key=""d0"">Jessie</data>    </node>    <node id=""Julius Enderby"">      <data key=""d0"">Julius Enderby;Enderby</data>    </node>    <node id=""Bentley"">      <data key=""d0"">Bentley</data>    </node>    <edge source=""R. Daneel Olivaw"" target=""Elijah Baley"">      <data key=""d1"">1</data>    </edge>    <edge source=""R. Daneel Olivaw"" target=""Jessie"">      <data key=""d1"">1</data>    </edge>    <edge source=""Elijah Baley"" target=""Jessie"">      <data key=""d1"">2</data>    </edge>    <edge source=""Elijah Baley"" target=""Julius Enderby"">      <data key=""d1"">6</data>    </edge>    <edge source=""Jessie"" target=""Bentley"">      <data key=""d1"">1</data>    </edge>  </graph></graphml>"
lca6,"<graphml xmlns=""http://graphml.graphdrawing.org/xmlns"" xmlns:xsi=""http://www.w3.org/2001/XMLSchema-instance"" xsi:schemaLocation=""http://graphml.graphdrawing.org/xmlns http://graphml.graphdrawing.org/xmlns/1.0/graphml.xsd"">  <key id=""d1"" for=""edge"" attr.name=""weight"" attr.type=""long"" />  <key id=""d0"" for=""node"" attr.name=""names"" attr.type=""string"" />  <graph edgedefault=""undirected"">    <node id=""R. Daneel Olivaw"">      <data key=""d0"">R. Daneel Olivaw;Daneel;R. Daneel</data>    </node>    <node id=""Enderby"">      <data key=""d0"">Enderby</data>    </node>    <node id=""Lije"">      <data key=""d0"">Lije;Elijah</data>    </node>    <node id=""Baley"">      <data key=""d0"">Baley</data>    </node>    <node id=""Dr Han Fastolfe"">      <data key=""d0"">Dr Han Fastolfe;Fastolfe;Dr Fastolfe</data>    </node>    <node id=""Dr Sarton"">      <data key=""d0"">Dr Sarton</data>    </node>    <edge source=""R. Daneel Olivaw"" target=""Enderby"">      <data key=""d1"">2</data>    </edge>    <edge source=""R. Daneel Olivaw"" target=""Baley"">      <data key=""d1"">7</data>    </edge>    <edge source=""R. Daneel Olivaw"" target=""Dr Han Fastolfe"">      <data key=""d1"">3</data>    </edge>    <edge source=""Enderby"" target=""Baley"">      <data key=""d1"">3</data>    </edge>    <edge source=""Enderby"" target=""Dr Sarton"">      <data key=""d1"">1</data>    </edge>    <edge source=""Enderby"" target=""Dr Han Fastolfe"">      <data key=""d1"">2</data>    </edge>    <edge source=""Lije"" target=""Baley"">      <data key=""d1"">1</data>    </edge>    <edge source=""Baley"" target=""Dr Han Fastolfe"">      <data key=""d1"">8</data>    </edge>  </graph></graphml>"
lca7,"<graphml xmlns=""http://graphml.graphdrawing.org/xmlns"" xmlns:xsi=""http://www.w3.org/2001/XMLSchema-instance"" xsi:schemaLocation=""http://graphml.graphdrawing.org/xmlns http://graphml.graphdrawing.org/xmlns/1.0/graphml.xsd"">  <key id=""d1"" for=""edge"" attr.name=""weight"" attr.type=""long"" />  <key id=""d0"" for=""node"" attr.name=""names"" attr.type=""string"" />  <graph edgedefault=""undirected"">    <node id=""Lije"">      <data key=""d0"">Lije;Elijah</data>    </node>    <node id=""Dr Sarton"">      <data key=""d0"">Dr Sarton</data>    </node>    <node id=""Baley"">      <data key=""d0"">Baley</data>    </node>    <node id=""Enderby"">      <data key=""d0"">Enderby;Julius</data>    </node>    <node id=""Daneel Olivaw"">      <data key=""d0"">Daneel Olivaw;R. Daneel;Daneel</data>    </node>    <node id=""Dr Fastolfe"">      <data key=""d0"">Dr Fastolfe;Fastolfe</data>    </node>    <edge source=""Lije"" target=""Dr Sarton"">      <data key=""d1"">1</data>    </edge>    <edge source=""Lije"" target=""Baley"">      <data key=""d1"">1</data>    </edge>    <edge source=""Lije"" target=""Enderby"">      <data key=""d1"">1</data>    </edge>    <edge source=""Dr Sarton"" target=""Baley"">      <data key=""d1"">4</data>    </edge>    <edge source=""Dr Sarton"" target=""Enderby"">      <data key=""d1"">5</data>    </edge>    <edge source=""Dr Sarton"" target=""Daneel Olivaw"">      <data key=""d1"">3</data>    </edge>    <edge source=""Baley"" target=""Daneel Olivaw"">      <data key=""d1"">11</data>    </edge>    <edge source=""Baley"" target=""Enderby"">      <data key=""d1"">1</data>    </edge>    <edge source=""Baley"" target=""Dr Fastolfe"">      <data key=""d1"">2</data>    </edge>    <edge source=""Enderby"" target=""Dr Fastolfe"">      <data key=""d1"">3</data>    </edge>    <edge source=""Enderby"" target=""Daneel Olivaw"">      <data key=""d1"">3</data>    </edge>    <edge source=""Daneel Olivaw"" target=""Dr Fastolfe"">      <data key=""d1"">3</data>    </edge>  </graph></graphml>"
lca8,"<graphml xmlns=""http://graphml.graphdrawing.org/xmlns"" xmlns:xsi=""http://www.w3.org/2001/XMLSchema-instance"" xsi:schemaLocation=""http://graphml.graphdrawing.org/xmlns http://graphml.graphdrawing.org/xmlns/1.0/graphml.xsd"">  <key id=""d1"" for=""edge"" attr.name=""weight"" attr.type=""long"" />  <key id=""d0"" for=""node"" attr.name=""names"" attr.type=""string"" />  <graph edgedefault=""undirected"">    <node id=""R. Daneel"">      <data key=""d0"">R. Daneel</data>    </node>    <node id=""Baley"">      <data key=""d0"">Baley</data>    </node>    <node id=""Dr Fastolfe"">      <data key=""d0"">Dr Fastolfe;Fastolfe</data>    </node>    <edge source=""R. Daneel"" target=""Baley"">      <data key=""d1"">1</data>    </edge>    <edge source=""R. Daneel"" target=""Dr Fastolfe"">      <data key=""d1"">1</data>    </edge>    <edge source=""Baley"" target=""Dr Fastolfe"">      <data key=""d1"">3</data>    </edge>  </graph></graphml>"
